class,precision,recall,f1-score,support
1,0.8176470588235294,0.42378048780487804,0.5582329317269076,328.0
2,0.17857142857142858,0.5,0.2631578947368421,10.0
3,0.025,0.25,0.045454545454545456,4.0
4,0.297029702970297,0.3191489361702128,0.3076923076923077,94.0
5,0.23529411764705882,0.4,0.2962962962962963,10.0
7,0.7323943661971831,0.49523809523809526,0.5909090909090909,315.0
8,0.03225806451612903,0.3333333333333333,0.058823529411764705,3.0
9,0.0,0.0,0.0,4.0
10,0.1,0.42857142857142855,0.16216216216216217,14.0
13,0.23484848484848486,0.49206349206349204,0.31794871794871793,63.0
14,0.0,0.0,0.0,6.0
15,0.02631578947368421,0.1,0.041666666666666664,10.0
16,0.23684210526315788,0.2727272727272727,0.2535211267605634,66.0
accuracy,0.4228694714131607,0.4228694714131607,0.4228694714131607,0.4228694714131607
macro avg,0.22432316294699636,0.3088356189160548,0.22275886690506658,927.0
weighted avg,0.6075931755865495,0.4228694714131607,0.4784927436679121,927.0
