feature,importance,std,group
SEQ:touchpoints,0.21254178318541386,0.008831934333689173,sequence (touchpoint order)
STATIC:seq_len,0.018345659519195718,0.0034551753476661394,behavioural aggregate
STATIC:purchase_any_n,0.006576240687350965,0.00940068238150443,journey
SEQ_NUM:duration_log,0.005455050168560775,0.002532273621253328,temporal
SEQ_NUM:purchase_own,0.005168666163892832,0.0005417152744139616,temporal
STATIC:BAS_werkzaamheid_resp_3.0,0.004247410788113322,0.003960148458346625,demographic
STATIC:span_days,0.003146692655831914,0.0026562719460255365,behavioural aggregate
STATIC:SPSS_Regio5_2.0,0.0025891702265770276,0.0019192131462173734,demographic
STATIC:SPSS_Regio5_3.0,0.002534116249120829,0.001451817329004564,demographic
STATIC:gap_mean_h,0.0022593414183582627,0.0020946939852597,behavioural aggregate
STATIC:BAS_werkzaamheid_resp_5.0,0.0017687972436517356,0.0023559300673455697,demographic
STATIC:Age,0.0014369325579683216,0.004553070380041352,demographic
STATIC:BAS_voltooide_opleiding8_resp,0.0014089472150906428,0.0020469213251377676,demographic
STATIC:afg_kinderen_huishouden,0.0013610798198931406,0.0018798823272445535,behavioural aggregate
STATIC:BAS_werkzaamheid_resp_4.0,0.0012230084619169561,0.002168314884390173,demographic
STATIC:BAS_werkzaamheid_resp_1.0,0.0011045087131139792,0.0006181725782606777,demographic
STATIC:duration_total,0.0010683976233627306,0.001147588626773408,behavioural aggregate
STATIC:BAS_huishoudgrootte,0.0009047539173968425,0.007865273403307211,demographic
STATIC:BAS_werkzaamheid_resp_6.0,0.0007731280860071391,0.00013996203466423143,demographic
STATIC:GenderID_2.0,0.0005317649115638886,0.0016809633553525297,demographic
STATIC:BAS_bruto_jaarinkomen,0.00015201658515436497,0.000612674648930214,demographic
STATIC:final_label_1,0.0,0.0,segment
STATIC:final_label_0,0.0,0.0,segment
STATIC:BAS_werkzaamheid_resp_97.0,0.0,0.0,demographic
STATIC:BAS_werkzaamheid_resp_8.0,-4.5984244424257525e-05,0.0008342991540396824,demographic
STATIC:last_is_weekend,-9.791231669102156e-05,0.0022345498003835825,behavioural aggregate
STATIC:AFG_sk2015,-0.00015610301873658639,0.0009797619407620965,demographic
STATIC:last_hour,-0.0002295499223507654,0.0014100611734935598,behavioural aggregate
STATIC:purchase_own_n,-0.0003090598641395381,0.00040702106521480104,journey
STATIC:SPSS_Regio5_1.0,-0.0007017848917310979,0.0008591251356241999,demographic
SEQ_NUM:purchase_any,-0.0008918441641910801,0.003360554674783061,temporal
STATIC:final_label_-1,-0.001294116876156215,0.0007558794848920163,segment
STATIC:BAS_werkzaamheid_resp_7.0,-0.0014300639296772795,0.0004369047002133791,demographic
STATIC:last_dow,-0.0016833228314283761,0.000978324531276777,behavioural aggregate
STATIC:BAS_werkzaamheid_resp_9.0,-0.00181233861449485,0.002329038178950972,demographic
STATIC:RESP_GEM_GROOTTE,-0.0019973784266566486,0.0007866027402258734,demographic
STATIC:events_per_day,-0.0021135704639712962,0.001052622477807374,behavioural aggregate
STATIC:duration_mean,-0.002327535649092364,0.004521099063932375,behavioural aggregate
STATIC:SPSS_Regio5_4.0,-0.002389233246831065,0.0027374601414335412,demographic
STATIC:SPSS_Regio5_5.0,-0.002514411642380532,0.003017440300901906,demographic
STATIC:SPSS_Lifestage,-0.003077621593302937,0.0010657469194967095,demographic
STATIC:GenderID_1.0,-0.0032444499990960476,0.0011026983675613887,demographic
STATIC:BAS_werkzaamheid_resp_2.0,-0.010239434691605117,0.001547568473660327,demographic
SEQ_NUM:gap_log,-0.012330296250032366,0.005093497331989574,temporal
STATIC:n_unique_touch,-0.013073645631556033,0.001561987112377552,behavioural aggregate
STATIC:mobile_share,-0.01359102748405113,0.0037681299594255918,behavioural aggregate
SEQ_NUM:device_mobile,-0.022582120494472762,0.0031086666165469263,temporal
