trial,emb_dim,lstm_units,lstm_layers,dropout,dense_units,lr,batch_size,bidirectional,val_f1_macro,val_loss,epochs,seconds
0,16,32,2,0.2,64,0.0005,256,False,0.15991067055850078,2.0615835691347093,30,106.5
1,32,64,1,0.3,64,0.001,128,True,0.268681510140063,1.872329525320018,18,119.0
2,16,128,2,0.1,32,0.0005,128,False,0.17358269649151462,2.0083740084173867,18,418.6
3,32,128,1,0.2,128,0.0003,128,False,0.23810849430851452,1.8881384040416895,23,194.1
4,64,128,2,0.2,32,0.0003,128,False,0.2148046229118723,2.01221178740488,23,575.2
5,48,128,2,0.1,64,0.0003,128,True,0.209587008077111,1.9071871763679973,15,831.9
6,32,32,2,0.2,64,0.0005,128,False,0.17388816677470614,2.033941794239073,30,177.5
7,48,128,2,0.4,128,0.001,128,True,0.2526645809561626,1.9352243673197016,14,714.3
8,48,128,2,0.2,32,0.001,128,False,0.18715426330679108,1.9726331152962249,12,262.3
9,16,128,1,0.3,32,0.0003,128,True,0.24903690744328927,1.9743577801293926,30,695.0
10,64,64,1,0.4,32,0.0003,256,False,0.23155174414549815,2.1201595701960425,30,183.4
11,32,128,2,0.4,128,0.0005,256,True,0.20366080211153578,1.9269586141827038,19,1270.6
